# This mapping file is used by process_dr_ropeless_trees.sh to map filename prefixes to human readable vegetation names
# Format:
#     Original filename prefix |
#     Category title (category.txt) |
#     Title (info.txt) |
#     Description (info.txt) |
#     Destination folder name (library path) |
#     Destination category folder name

AESCUbuck|Aesculus (Horse Chestnut / Buckeye)|Tree, Aesculus, Glabra (Buckeye)|Aesculus (Buckeye) tree|aesculus/1|aesculus
AGAVE|Agave|Succulent, Agave|Agave succulent|agave/1|agave
AGAVE_l|Agave|Succulent, Agave, flowering|Flowering Agave succulent|agave/2|agave
ALDERred|Alnus (Alder)|Tree, Alnus (Alder)|Alnus (Alder) tree|alnus/1|alnus
ASPEN1|Populus (Aspen / Poplar)|Tree, Populus (Aspen)|Populus (Aspen) tree|populus/1|populus
ASPENtrembl|Populus (Aspen / Poplar)|Tree, Populus, Tremuloides (Quaking / Trembling Aspen)|Populus Tremuloides (Quaking / Trembling Aspen) tree|populus/2|populus
ASPENtrembl_l|Populus (Aspen / Poplar)|Tree, Populus, Tremuloides (Quaking / Trembling Aspen), long trunk|Populus Tremuloides (Quaking / Trembling Aspen) tree with long trunk|populus/3|populus
BANYAN|Ficus (Fig)|Tree, Ficus, Urostigma (Banyan Fig)|Ficus, Urostigma (Banyan Fig) tree|ficus/1|ficus
BRacer|Acer (Maple)|Tree, Acer (Maple)|Acer (Maple) tree|acer/1|acer
BRbetu1|Betula (Birch)|Tree, Betula, Pendula (Silver Birch)|Betula Pendula (Silver Birch) tree|betula/1|betula
BRbetu2|Betula (Birch)|Tree, Betula, Pendula (Silver Birch)|Betula Pendula (Silver Birch) tree|betula/2|betula
BRbetu3|Betula (Birch)|Tree, Betula, Pendula (Silver Birch)|Betula Pendula (Silver Birch) tree|betula/3|betula
BRcarp|Carpinus (Hornbeam)|Tree, Carpinus (Hornbeam)|Carpinus (Hornbeam) tree|carpinus/1|carpinus
BRfagu1|Fagus (Beech)|Tree, Fagus (Beech)|Fagus (Beech) tree|fagus/1|fagus
BRfagu2|Fagus (Beech)|Tree, Fagus (Beech)|Fagus (Beech) tree|fagus/2|fagus
BRfagu3|Fagus (Beech)|Tree, Fagus (Beech)|Fagus (Beech) tree|fagus/3|fagus
BRfrax|Fraxinus (Ash)|Tree, Fraxinus (Ash)|Fraxinus (Ash) tree|fraxinus/1|fraxinus
BRpopu1|Populus (Aspen / Poplar)|Tree, Populus (Aspen)|Populus (Aspen) tree|populus/4|populus
BRpopu2|Populus (Aspen / Poplar)|Tree, Populus (Aspen)|Populus (Aspen) tree|populus/5|populus
BRquer1|Quercus (Oak)|Tree, Quercus (Oak)|Quercus (Oak) tree|quercus/1|quercus
BRquer2|Quercus (Oak)|Tree, Quercus (Oak)|Quercus (Oak) tree|quercus/2|quercus
BUSHiron|Olneya (Ironwood)|Shrub, Olneya (Ironwood)|Olneya (Ironwood) shrub|olneya/1|olneya
BUSHwillow|Salix (Willow)|Shrub, Salix (Bush Willow)|Salix (Bush Willow) shrub|salix/1|salix
CACTUScholla1|Cylindropuntia (Cholla)|Cactus, Cylindropuntia (Cholla)|Cylindropuntia (Cholla) cactus|cylindropuntia/1|cylindropuntia
CACTUScholla2|Cylindropuntia (Cholla)|Cactus, Cylindropuntia (Cholla)|Cylindropuntia (Cholla) cactus|cylindropuntia/2|cylindropuntia
CACTUSpear|Opuntia (Prickly Pear)|Cactus, Opuntia (Prickly Pear)|Opuntia (Prickly Pear) cactus|opuntia/1|opuntia
CACTUSpear_l|Opuntia (Prickly Pear)|Cactus, Opuntia (Prickly Pear)|Opuntia (Prickly Pear) cactus|opuntia/2|opuntia
CACTUSspec2|Stenocereus (Organ Pipe Cactus)|Cactus, Stenocereus (Organ Pipe)|Stenocereus (Organ Pipe) cactus|stenocereus/1|stenocereus
CARYAhickor|Carya (Hickory)|Tree, Carya (Hickory)|Carya (Hickory) tree|carya/1|carya
CARYAhickor_l|Carya (Hickory)|Tree, Carya (Hickory)|Carya (Hickory) tree|carya/2|carya
CARYApecan|Carya (Hickory)|Tree, Carya (Hickory)|Carya (Hickory) tree|carya/3|carya
CELTISberry|Celtis (Hackberry)|Tree, Celtis (Hackberry)|Celtis (Hackberry) tree|celtis/1|celtis
CO0|Dead|Tree, dead|Dead tree|dead/1|dead
COabie1|Abies (Fir)|Tree, Abies (Fir)|Abies (Fir) tree|abies/1|abies
COabie2|Abies (Fir)|Tree, Abies (Fir)|Abies (Fir) tree|abies/2|abies
COabie3|Abies (Fir)|Tree, Abies (Fir)|Abies (Fir) tree|abies/3|abies
COabie4|Abies (Fir)|Tree, Abies (Fir)|Abies (Fir) tree|abies/4|abies
COabie5|Abies (Fir)|Tree, Abies (Fir)|Abies (Fir) tree|abies/5|abies
COabie6|Abies (Fir)|Tree, Abies (Fir)|Abies (Fir) tree|abies/6|abies
COabie7|Abies (Fir)|Tree, Abies (Fir)|Abies (Fir) tree|abies/7|abies
COabiey|Abies (Fir)|Tree, Abies (Fir)|Abies (Fir) tree|abies/8|abies
COcypr1|Cupressus (Cypress)|Tree, Cupressus (Cypress)|Cupressus (Cypress) tree|cupressus/1|cupressus
COcypr2|Cupressus (Cypress)|Tree, Cupressus (Cypress)|Cupressus (Cypress) tree|cupressus/2|cupressus
COcypr4|Cupressus (Cypress)|Tree, Cupressus (Cypress)|Cupressus (Cypress) tree|cupressus/3|cupressus
COcypr5|Cupressus (Cypress)|Tree, Cupressus (Cypress)|Cupressus (Cypress) tree|cupressus/4|cupressus
COjuni|Juniperus (Juniper)|Tree, Juniperus (Juniper)|Juniperus (Juniper) tree|juniperus/1|juniperus
COlari|Larix (Larch)|Tree, Larix (Larch)|Larix (Larch) tree|larix/1|larix
COpinc2s|Pinus (Pine)|Tree, Pinus (Pine)|Pinus (Pine) tree|pinus/1|pinus
COpinu1|Pinus (Pine)|Tree, Pinus (Pine)|Pinus (Pine) tree|pinus/2|pinus
COpinu2|Pinus (Pine)|Tree, Pinus (Pine)|Pinus (Pine) tree|pinus/3|pinus
COpinu3|Pinus (Pine)|Tree, Pinus (Pine)|Pinus (Pine) tree|pinus/4|pinus
COpinu4|Pinus (Pine)|Tree, Pinus (Pine)|Pinus (Pine) tree|pinus/5|pinus
COpinu5|Pinus (Pine)|Tree, Pinus (Pine)|Pinus (Pine) tree|pinus/6|pinus
COpinu6|Pinus (Pine)|Tree, Pinus (Pine)|Pinus (Pine) tree|pinus/7|pinus
COpinu7|Pinus (Pine)|Tree, Pinus (Pine)|Pinus (Pine) tree|pinus/8|pinus
COpinu8|Pinus (Pine)|Tree, Pinus (Pine)|Pinus (Pine) tree|pinus/9|pinus
COpinu9|Pinus (Pine)|Tree, Pinus (Pine)|Pinus (Pine) tree|pinus/10|pinus
COpinuy|Pinus (Pine)|Tree, Pinus (Pine)|Pinus (Pine) tree|pinus/11|pinus
COTTONblack1|Populus (Aspen / Poplar)|Tree, Populus, Trichocarpa (Black Cottonwood)|Populus Trichocarpa (Black Cottonwood) tree|populus/6|populus
COTTONblack2|Populus (Aspen / Poplar)|Tree, Populus, Trichocarpa (Black Cottonwood)|Populus Trichocarpa (Black Cottonwood) tree|populus/7|populus
COTTONwood|Populus (Aspen / Poplar)|Tree, Populus, Fremontii (Cottonwood)|Populus Fremontii (Cottonwood) tree|populus/8|populus
CUPRESspec|Cupressus (Cypress)|Tree, Cupressus (Cypress)|Cupressus (Cypress) tree|cupressus/5|cupressus
CYPRESSariz|Cupressus (Cypress)|Tree, Cupressus Arizonica (Arizona Cypress)|Cupressus Arizonica (Arizona Cypress) tree|cupressus/6|cupressus
Dead_Tree|Dead|Tree, dead|Dead tree|dead/2|dead
EUCAL|Eucalyptus|Tree, Eucalyptus|Eucalyptus tree|eucalyptus/1|eucalyptus
EUCALyptus|Eucalyptus|Tree, Eucalyptus|Eucalyptus tree|eucalyptus/2|eucalyptus
FAGUSameri_m|Fagus (Beech)|Tree, Fagus, Grandifolia (American Beech)|Fagus Grandifolia (American Beech) tree|fagus/4|fagus
FERNtree|Cyatheales (Tree Fern)|Tree, Cyatheales (Tree Fern)|Cyatheales (Tree Fern) tree|cyatheales/1|cyatheales
FICUSelast|Ficus (Fig)|Tree, Ficus, Elastica (Rubber Tree)|Ficus, Elastica (Rubber Tree)|ficus/2|ficus
FRAXINblack|Fraxinus (Ash)|Tree, Fraxinus, Nigra (Black Ash)|Fraxinus Nigra (Black Ash) tree|fraxinus/2|fraxinus
FRbana1|Musa (Banana / Plantain)|Tree, Musa (Banana)|Musa (Banana) tree|musa/1|musa
FRbana2|Musa (Banana / Plantain)|Tree, Musa (Banana)|Musa (Banana) tree|musa/2|musa
FRcitr|Citrus|Tree, Citrus|Citrus tree|citrus/1|citrus
FRficu|Ficus (Fig)|Tree, Ficus (Fig)|Ficus (Fig) tree|ficus/3|ficus
FRmalu1|Malus (Apple)|Tree, Malus (Apple)|Malus (Apple) tree|malus/1|malus
FRmalu2|Malus (Apple)|Tree, Malus (Apple)|Malus (Apple) tree|malus/2|malus
FRolea1|Olea (Olive)|Tree, Olea (Olive)|Olea (Olive) tree|olea/1|olea
JUNIPcalifo1|Juniperus (Juniper)|Tree, Juniperus, Californica (California Juniper)|Juniperus Californica (California Juniper) tree|juniperus/2|juniperus
JUNIPcalifo2|Juniperus (Juniper)|Tree, Juniperus, Californica (California Juniper)|Juniperus Californica (California Juniper) tree|juniperus/3|juniperus
JUNIPcalifo3|Juniperus (Juniper)|Tree, Juniperus, Californica (California Juniper)|Juniperus Californica (California Juniper) tree|juniperus/4|juniperus
JUNIPER_l|Juniperus (Juniper)|Tree, Juniperus (Juniper)|Juniperus (Juniper) tree|juniperus/5|juniperus
JUNIPER1|Juniperus (Juniper)|Tree, Juniperus (Juniper)|Juniperus (Juniper) tree|juniperus/6|juniperus
JUNIPER2|Juniperus (Juniper)|Tree, Juniperus (Juniper)|Juniperus (Juniper) tree|juniperus/7|juniperus
JUNIPered1|Juniperus (Juniper)|Tree, Juniperus, Virginiana (Red Juniper)|Juniperus Virginiana (Red Juniper) tree|juniperus/8|juniperus
JUNIPered2|Juniperus (Juniper)|Tree, Juniperus, Virginiana (Red Juniper)|Juniperus Virginiana (Red Juniper) tree|juniperus/9|juniperus
JUNIPered3|Juniperus (Juniper)|Tree, Juniperus, Virginiana (Red Juniper)|Juniperus Virginiana (Red Juniper) tree|juniperus/10|juniperus
LAUREL|Laurus (Laurel)|Tree, Laurus (Laurel)|Laurus (Laurel) tree|laurus/1|laurus
LAURELcalifo|Laurus (Laurel)|Tree, Laurus (Laurel)|Laurus (Laurel) tree|laurus/2|laurus
LIQUIsweet|Liquidambar (Sweetgum)|Tree, Liquidambar (Sweetgum)|Liquidambar (Sweetgum) tree|liquidambar/1|liquidambar
MADRONE|Arbutus (Madrone)|Tree, Arbutus (Madrone)|Arbutus (Madrone) tree|arbutus/1|arbutus
MANZAnita_l|Arctostaphylos (Manzanita)|Tree, Arctostaphylos (Manzanita)|Arctostaphylos (Manzanita) tree|arctostaphylos/1|arctostaphylos
MANZAnita_s|Arctostaphylos (Manzanita)|Tree, Arctostaphylos (Manzanita)|Arctostaphylos (Manzanita) tree|arctostaphylos/2|arctostaphylos
MAPLEred|Acer (Maple)|Tree, Acer (Maple)|Acer (Maple) tree|acer/2|acer
MESQUite_l|Prosopis (Mesquite)|Tree, Prosopis (Mesquite)|Prosopis (Mesquite) tree|prosopis/1|prosopis
MESQUite_m|Prosopis (Mesquite)|Tree, Prosopis (Mesquite)|Prosopis (Mesquite) tree|prosopis/2|prosopis
MESQUite_s|Prosopis (Mesquite)|Tree, Prosopis (Mesquite)|Prosopis (Mesquite) tree|prosopis/3|prosopis
NYSSAblack|Nyssa (Tupelo)|Tree, Nyssa, Sylvatica (Black Gum)|Nyssa, Sylvatica (Black Gum) tree|nyssa/1|nyssa
NYSSAwater|Nyssa (Tupelo)|Tree, Nyssa, Aquatica (Water Tupelo)|Nyssa, Aquatica (Water Tupelo) tree|nyssa/2|nyssa
OAKblue|Quercus (Oak)|Tree, Quercus, Douglasii (Blue Oak)|Quercus Douglasii (Blue Oak) tree|quercus/3|quercus
OAKbur|Quercus (Oak)|Tree, Quercus, Macrocarpa (Bur Oak)|Quercus Macrocarpa (Bur Oak) tree|quercus/4|quercus
OAKlive|Quercus (Oak)|Tree, Quercus (Evergreen Oak)|Quercus (Evergreen Oak) tree|quercus/5|quercus
OAKspec_m|Quercus (Oak)|Tree, Quercus (Oak)|Quercus (Oak) tree|quercus/6|quercus
OAKspec_s|Quercus (Oak)|Tree, Quercus (Oak)|Quercus (Oak) tree|quercus/7|quercus
PALM_s|Arecaceae (Palm)|Tree, Arecaceae (Palm)|Arecaceae (Palm) tree|arecaceae/1|arecaceae
PALMcalifo|Arecaceae (Palm)|Tree, Arecaceae, Washingtonia Filifera (California Palm)|Arecaceae Washingtonia Filifera (California Palm) tree|arecaceae/2|arecaceae
PALMcalifo_m|Arecaceae (Palm)|Tree, Arecaceae, Washingtonia Filifera (California Palm)|Arecaceae Washingtonia Filifera (California Palm) tree|arecaceae/3|arecaceae
PALMpaurotis|Arecaceae (Palm)|Tree, Arecaceae, Acoelorrhaphe Wrightii (Paurotis Palm)|Arecaceae Acoelorrhaphe Wrightii (Paurotis Palm) tree|arecaceae/4|arecaceae
PALMreal|Arecaceae (Palm)|Tree, Arecaceae (Palm)|Arecaceae (Palm) tree|arecaceae/5|arecaceae
PALMsabal_l|Arecaceae (Palm)|Tree, Arecaceae, Sabaleae (Sabal Palm)|Arecaceae Sabaleae (Sabal Palm) tree|arecaceae/6|arecaceae
PALMsabal_m|Arecaceae (Palm)|Tree, Arecaceae, Sabaleae (Sabal Palm)|Arecaceae Sabaleae (Sabal Palm) tree|arecaceae/7|arecaceae
PALMspec1|Arecaceae (Palm)|Tree, Arecaceae (Palm)|Arecaceae (Palm) tree|arecaceae/8|arecaceae
PALMspec2|Arecaceae (Palm)|Tree, Arecaceae (Palm)|Arecaceae (Palm) tree|arecaceae/9|arecaceae
PALMspec2_m|Arecaceae (Palm)|Tree, Arecaceae (Palm)|Arecaceae (Palm) tree|arecaceae/10|arecaceae
PALMwashi|Arecaceae (Palm)|Tree, Arecaceae, Washingtonia Filifera (California Palm)|Arecaceae Washingtonia Filifera (California Palm) tree|arecaceae/11|arecaceae
PALOverde|Parkinsonia (Paloverde)|Tree, Parkinsonia (Paloverde)|Parkinsonia (Paloverde) tree|parkinsonia/1|parkinsonia
PAspec1|Arecaceae (Palm)|Tree, Arecaceae (Palm)|Arecaceae (Palm) tree|arecaceae/12|arecaceae
PAspec2|Arecaceae (Palm)|Tree, Arecaceae (Palm)|Arecaceae (Palm) tree|arecaceae/13|arecaceae
PINE_s|Pinus (Pine)|Tree, Pinus (Pine)|Pinus (Pine) tree|pinus/12|pinus
PINEmonterey|Pinus (Pine)|Tree, Pinus, Radiata (Monterey Pine)|Pinus Radiata (Monterey Pine) tree|pinus/13|pinus
PINEspec2_s|Pinus (Pine)|Tree, Pinus (Pine)|Pinus (Pine) tree|pinus/14|pinus
PINEspec3|Pinus (Pine)|Tree, Pinus (Pine)|Pinus (Pine) tree|pinus/15|pinus
PINEspec4|Pinus (Pine)|Tree, Pinus (Pine)|Pinus (Pine) tree|pinus/16|pinus
PINEw-white|Pinus (Pine)|Tree, Pinus, Monticola (Western White Pine)|Pinus Monticola (Western White Pine) tree|pinus/17|pinus
PINUS_s|Pinus (Pine)|Tree, Pinus (Pine)|Pinus (Pine) tree|pinus/18|pinus
PINUSdry_m|Pinus (Pine)|Tree, Pinus (Pine)|Pinus (Pine) tree|pinus/19|pinus
PINUSloblolly|Pinus (Pine)|Tree, Pinus Taeda (Loblolly Pine)|Pinus Taeda (Loblolly Pine) tree|pinus/20|pinus
PINUSmed1|Pinus (Pine)|Tree, Pinus (Pine)|Pinus (Pine) tree|pinus/21|pinus
PINUSmed2|Pinus (Pine)|Tree, Pinus (Pine)|Pinus (Pine) tree|pinus/22|pinus
PINUSmed3|Pinus (Pine)|Tree, Pinus (Pine)|Pinus (Pine) tree|pinus/23|pinus
PINUSred_l|Pinus (Pine)|Tree, Pinus, Resinosa (Red Pine)|Pinus Resinosa (Red Pine) tree|pinus/24|pinus
PINUSred_m|Pinus (Pine)|Tree, Pinus, Resinosa (Red Pine)|Pinus Resinosa (Red Pine) tree|pinus/25|pinus
PINUSshort|Pinus (Pine)|Tree, Pinus, Echinata (Shortleaf Pine)|Pinus Echinata (Shortleaf Pine) tree|pinus/26|pinus
PINUSslash|Pinus (Pine)|Tree, Pinus, Elliottii (Slash Pine)|Pinus Elliottii (Slash Pine) tree|pinus/27|pinus
PINUSspec1|Pinus (Pine)|Tree, Pinus (Pine)|Pinus (Pine) tree|pinus/28|pinus
PINUSspec2|Pinus (Pine)|Tree, Pinus (Pine)|Pinus (Pine) tree|pinus/29|pinus
PINUSvirgin|Pinus (Pine)|Tree, Pinus, Virginiana (Virginia Pine)|Pinus Virginiana (Virginia Pine) tree|pinus/30|pinus
PLATANsycam|Platanus (Plane / Sycamore)|Tree, Platanus (Sycamore)|Platanus (Sycamore) tree|platanus/1|platanus
POPULcotton|Populus (Aspen / Poplar)|Tree, Populus, Fremontii (Cottonwood)|Populus Fremontii (Cottonwood) tree|populus/8|populus
QUERCblack|Quercus (Oak)|Tree, Quercus, Velutina (Black Oak)|Quercus Velutina (Black Oak) tree|quercus/8|quercus
QUERClive_w|Quercus (Oak)|Tree, Quercus (Evergreen Oak)|Quercus (Evergreen Oak) tree|quercus/9|quercus
QUERCred|Quercus (Oak)|Tree, Quercus, Rubra (Red Oak)|Quercus Rubra (Red Oak) tree|quercus/10|quercus
QUERCwhite1|Quercus (Oak)|Tree, Quercus, Alba (White Oak)|Quercus Alba (White Oak) tree|quercus/11|quercus
QUERCwhite2_w|Quercus (Oak)|Tree, Quercus, Alba (White Oak)|Quercus Alba (White Oak) tree|quercus/12|quercus
REED|Phragmites (Reed)|Reed, Phragmites|Phragmites (Reed)|phragmites/1|phragmites
SAGE1|Salvia (Sage)|Shrub, Salvia (Sage)|Salvia (Sage) shrub|salvia/1|salvia
SAGE2|Salvia (Sage)|Shrub, Salvia (Sage)|Salvia (Sage) shrub|salvia/2|salvia
SAGUARO1|Carnegiea (Saguaro)|Cactus, Carnegiea (Saguaro)|Carnegiea (Saguaro) cactus|carnegiea/1|carnegiea
SAGUARO2|Carnegiea (Saguaro)|Cactus, Carnegiea (Saguaro)|Carnegiea (Saguaro) cactus|carnegiea/2|carnegiea
SAGUARO3|Carnegiea (Saguaro)|Cactus, Carnegiea (Saguaro)|Carnegiea (Saguaro) cactus|carnegiea/3|carnegiea
SAGUARO4|Carnegiea (Saguaro)|Cactus, Carnegiea (Saguaro)|Carnegiea (Saguaro) cactus|carnegiea/4|carnegiea
SAGUARO5|Carnegiea (Saguaro)|Cactus, Carnegiea (Saguaro)|Carnegiea (Saguaro) cactus|carnegiea/5|carnegiea
SALIXwhite|Salix (Willow)|Tree, Salix, Alba (White Willow)|Salix Alba (White Willow) tree|salix/2|salix
SClaur2|Laurus (Laurel)|Tree, Laurus (Laurel)|Laurus (Laurel) tree|laurus/3|laurus
SColea|Olea (Olive)|Tree, Olea (Olive)|Olea (Olive) tree|olea/2|olea
SCquer3|Quercus (Oak)|Tree, Quercus (Oak)|Quercus (Oak) tree|quercus/13|quercus
SCquery|Quercus (Oak)|Tree, Quercus (Oak)|Quercus (Oak) tree|quercus/14|quercus
SHcact4|Agave|Succulent, Agave, flowering|Flowering Agave succulent|agave/2|agave
SHRUBcreosote|Larrea (Creosote)|Shrub, Larrea (Creosote)|Larrea (Creosote) shrub|larrea/1|larrea
SHRUBocotillo|Fouquieria (Ocotillo)|Shrub, Fouquieria (Ocotillo)|Fouquieria (Ocotillo) shrub|fouquieria/1|fouquieria
TAMARACK|Larix (Larch)|Tree, Larix, Laricina (Tamarack)|Larix Laricina (Tamarack) tree|larix/2|larix
TAXObaldcypr|Taxodium (Cypress)|Tree, Taxodium, Distichum (Bald Cypress)|Taxodium Distichum (Bald Cypress) tree|taxodium/1|taxodium
Trunk|Dead|Tree, dead|Dead tree|dead/3|dead
ULMUSameri|Ulmus (Elm)|Tree, Ulmus, Americana (American Elm)|Ulmus Americana (American Elm) tree|ulmus/1|ulmus
WILLOW|Salix (Willow)|Tree, Salix (Willow)|Salix (Willow) tree|salix/3|salix
WILLOW_m|Salix (Willow)|Tree, Salix (Willow)|Salix (Willow) tree|salix/4|salix
YUCCA_s|Yucca|Shrub, Yucca|Yucca shrub|yucca/1|yucca
YUCCA1|Yucca|Shrub, Yucca|Yucca shrub|yucca/2|yucca
YUCCA2|Yucca|Shrub, Yucca|Yucca shrub|yucca/3|yucca
YUCCA3|Yucca|Shrub, Yucca|Yucca shrub|yucca/4|yucca
YUCCAjosh1|Yucca|Tree, Yucca, Brevifolia (Joshua Tree)|Yucca Brevifolia (Joshua Tree)|yucca/5|yucca
YUCCAjosh2|Yucca|Tree, Yucca, Brevifolia (Joshua Tree)|Yucca Brevifolia (Joshua Tree)|yucca/6|yucca
